{
  "far_summary": {
    "mean": 0.1516,
    "std": 0.06448676005369026
  },
  "frr_summary": {
    "mean": 0.12533333333333332,
    "std": 0.01597567595509568
  },
  "hash_integrity_summary": {
    "mean": 0.3333333333333333,
    "std": 0.4714045207910317
  }
}
